Brussels,Q239
Aalst,Q21770022
Aalter,Q21770025
Aarschot,Q12358108
Aartselaar,Q21770026
Alken,Q21770050
Alveringem,Q21770057
Antwerpen,Q31467408
Anzegem,Q21770084
Ardooie,Q21770087
Arendonk,Q21770093
As,Q21770097
Asse,Q31469777
Assenede,Q21770102
Avelgem,Q21770132
Baarle-Hertog,Q21770147
Balen,Q2543386
Beernem,Q21770227
Beerse,Q21770228
Beersel,Q31495214
Begijnendijk,Q21770234
Bekkevoort,Q21770237
Beringen,Q31496998
Berlaar,Q21770271
Berlare,Q21770273
Bertem,Q21770285
Bever,Q21770305
Beveren,Q31498075
Bierbeek,Q21770318
Bilzen,Q31501520
Blankenberge,Q328104
Bocholt,Q21770354
Boechout,Q21770358
Bonheiden,Q21770391
Boom,Q21770396
Boortmeerbeek,Q21770398
Borgloon,Q21770402
Bornem,Q31510162
Borsbeek,Q21770407
Boutersem,Q21770446
Brasschaat,Q31511597
Brecht,Q31511665
Bredene,Q21770466
Bree,Q21770467
Brugge,Q12994
Buggenhout,Q21770518
Damme,Q31560704
"De Haan",Q21768617
"De Panne",Q21768633
"De Pinte",Q21768637
Deerlijk,Q21768611
Deinze,Q31564462
Denderleeuw,Q21768627
Dendermonde,Q31565231
Dentergem,Q21768632
Dessel,Q21768646
Destelbergen,Q21768651
Deurne,Q21768651
Diegem,Q723990
Diepenbeek,Q21768660
Diest,Q31566756
Diksmuide,Q21768668
Dilbeek,Q31567150
Drogenbos,Q31571519
Duffel,Q21768707
Edegem,Q31575484
Eeklo,Q31575952
Essen,Q21768786
Evergem,Q31579974
Galmaarden,Q21768971
Gavere,Q21768983
Geel,Q31589706
Geetbets,Q21768989
Genk,Q21769011
Gent,Q31590146
Geraardsbergen,Q31590351
Gingelom,Q21769045
Gistel,Q21769047
Glabbeek,Q21769047
Gooik,Q31824012
Grimbergen,Q31824015
Grobbendonk,Q21769133
Haacht,Q21767623
Haaltert,Q21767627
Halen,Q31824016
Halle,Q31824017
Hamme,Q31811416
Harelbeke,Q31824027
Hasselt,Q21767697
Heers,Q21767739
Heist-op-den-Berg,Q31824028
Helchteren,Q31824028
Hemiksem,Q21767764
Herent,Q31824029
Herentals,Q31824030
Herenthout,Q21767782
Herk-de-Stad,Q21767785
Herne,Q21767790
Herselt,Q21767799
Herzele,Q21767811
Heusden,Q21767811
Hoboken,Q267663
Hoegaarden,Q31824032
Hoeilaart,Q21767840
Hoeselt,Q21767843
Holsbeek,Q21767868
Hooglede,Q21767880
Hoogstraten,Q31824034
Houthalen,Q21767894
Houthulst,Q21767908
Hove,Q21767915
Huldenberg,Q21767922
Hulshout,Q21767926
Ichtegem,Q21767935
Ieper,Q31824036
Ingelmunster,Q21767948
Izegem,Q31811524
Jabbeke,Q21767957
Kalmthout,Q21767145
Kampenhout,Q31824039
Kapelle-op-den-Bos,Q21767154
Kapellen,Q31824040
Kaprijke,Q21767157
Kasterlee,Q21767175
Keerbergen,Q21767185
Kinrooi,Q21767215
Knesselare,Q21767265
Knokke-Heist,Q31824041
Koekelare,Q21767270
Koksijde,Q15071298
Kontich,Q31824055
Kortemark,Q21767292
Kortenaken,Q21767293
Kortenberg,Q21767295
Kortessem,Q21767297
Kortrijk,Q21767298
Kraainem,Q31824063
Kruibeke,Q21767327
Kruishoutem,Q21767332
Kuurne,Q21767334
Laarne,Q21767343
Lanaken,Q31824076
Landen,Q21765449
Lebbeke,Q21765489
Lede,Q21765497
Ledeberg,Q2802143
Ledegem,Q21765501
Lendelede,Q21765541
Leopoldsburg,Q21765544
Leuven,Q21765562
Lichtervelde,Q21765568
Liedekerke,Q31824078
Lier,Q31824079
Lille,Q21765583
Linkebeek,Q31824080
Lint,Q21765593
Lochristi,Q31824081
Lokeren,Q31824081
Lommel,Q31824084
Londerzeel,Q31824085
Lovendegem,Q21765635
Lubbeek,Q21765640
Lummen,Q21765647
Maaseik,Q31824086
Maasmechelen,Q31824086
Machelen,Q21765652
Maldegem,Q31824087
Mechelen,Q21765751
Meerhout,Q21765759
Meise,Q31824090
Melle,Q21765771
Menen,Q31824091
Merchtem,Q21765786
Merelbeke,Q31824092
Merksplas,Q21765789
Meulebeke,Q21765800
Middelkerke,Q21765816
Moerbeke,Q21765833
Mol,Q31824099
Moorslede,Q21765968
Mortsel,Q31824113
Nazareth,Q21766031
Neerpelt,Q16481661
Nevele,Q21766064
Niel,Q21766070
Nieuwerkerken,Q21766078
Nieuwpoort,Q21766081
Nijlen,Q31824122
Ninove,Q31812647
Olen,Q21766128
Oostduinkerke,Q21766148
Oosterzele,Q21764228
Oostkamp,Q18479689
Oostmalle,Q18479689
Oostrozebeke,Q21764231
Opglabbeek,Q21764233
Opwijk,Q21764240
Ostend,Q21766156
Oud-Heverlee,Q21764275
Oud-Turnhout,Q21764277
Oudenaarde,Q31824126
Oudenburg,Q21764272
Overijse,Q31824128
Overpelt,Q21764289
Peer,Q21764310
Pepingen,Q21764319
Perre,Q21764321
Pittem,Q21764368
Poperinge,Q31475234
"Provincie Antwerpen",Q1116
"Provincie Limburg",Q1095
"Provincie Oost-Vlaanderen",Q1114
"Provincie Vlaams-Brabant",Q1118
"Provincie West-Vlaanderen",Q1113
Putte,Q21764443
Puurs,Q21764446
Ranst,Q21764475
Ravels,Q21764482
Retie,Q21764513
Riemst,Q21764528
Rijkevorsel,Q21764534
Roeselare,Q21764555
Ronse,Q31493468
Rotselaar,Q21764627
Ruiselede,Q21764643
Rumst,Q21764648
Schelle,Q21764741
Schilde,Q31514505
Schoten,Q31514684
Sint-Amands,Q21764799
Sint-Genesius-Rode,Q21764808
Sint-Gillis-Waas,Q21764811
Sint-Joris,Q21764811
Sint-Katelijne-Waver,Q31521084
Sint-Kruis,Q2505670
Sint-Laureins,Q21764820
Sint-Lievens-Houtem,Q21764821
Sint-Maria-Lierde,Q21764821
Sint-Martens-Latem,Q21764825
Sint-Martens-Lennik,Q21764825
Sint-Niklaas,Q31521097
Sint-Pieters-Leeuw,Q31521115
Sint-Pieters-Voeren,Q31521115
Sint-Truiden,Q15281225
Stabroek,Q21763334
Staden,Q21763337
Steenokkerzeel,Q31532875
Stekene,Q21763382
Temse,Q31549581
Terkoest,Q12376730
Ternat,Q21763440
Tervuren,Q31550469
Tessenderlo,Q21763441
Tielt,Q31555423
Tienen,Q31555441
Tongeren,Q31558934
Torhout,Q31559193
Tremelo,Q21763503
Turnhout,Q31565056
Veurne,Q31572147
Vilvoorde,Q31573419
Vorselaar,Q21760123
Vosselaar,Q21760126
Waarschoot,Q21760149
Waasmunster,Q21760151
Wachtebeke,Q21760152
Waregem,Q31578256
Wellen,Q21760239
Wemmel,Q31581536
Wenduine,Q31581536
Wervik,Q21760253
Westerlo,Q26235476
Wetteren,Q31584348
Wevelgem,Q31584391
Wezembeek-Oppem,Q21760265
Wichelen,Q21760268
Wielsbeke,Q21760270
Wijnegem,Q21760276
Willebroek,Q31588325
Wingene,Q21760299
Wommelgem,Q21760331
Wuustwezel,Q21760336
Zandhoven,Q21760351
Zaventem,Q31596381
Zedelgem,Q31596396
Zeebrugge,Q184383
Zele,Q31596471
Zelzate,Q21760359
Zemst,Q31596500
Zingem,Q21760366
Zoersel,Q31596621
Zomergem,Q31596621
Zonhoven,Q31596651
Zonnebeke,Q31596665
Zottegem,Q31596711
Zoutleeuw,Q21760368
Zuienkerke,Q31596742
Zulte,Q21760371
Zutendaal,Q21760375
Zwevegem,Q31596787
Zwijndrecht,Q21756899
Aiseau,Q21770026
Amay,Q21770059
Amblève,Q21770061
Andenne,Q21770061
Anderlues,Q31466213
Anhée,Q21770072
Ans,Q31466969
Anthisnes,Q21770077
Antoing,Q21770079
Arlon,Q12359550
Assesse,Q21770103
Ath,Q31469957
Attert,Q12359898
Aubange,Q21770109
Aubel,Q21770111
Awans,Q21770138
Aywaille,Q21770141
Baelen,Q21770157
"Basse Lasne",Q21770198
Bassenge,Q21770201
Bastogne,Q25634689
Beaumont,Q21770217
Beauraing,Q10909383
Beauvechain,Q31494139
Beloeil,Q21770255
Berloz,Q21770277
Bernissart,Q21770281
Bertogne,Q31497290
Bertrix,Q21770292
Beyne-Heusay,Q31498075
Bièvre,Q21770327
Binche,Q31502281
Blégny,Q21770345
Bouillon,Q12360419
Boussu,Q31510518
Braine-l'Alleud,Q31511377
Braine-le-Château,Q31511393
Braine-le-Comte,Q31511408
Braives,Q21770459
Brugelette,Q21770494
Brunehault,Q12994
Bullange,Q21770526
Burdinne,Q21770530
Butgenbach,Q21770544
Celles,Q21770563
Cerfontaine,Q21770566
Chapelle-lez-Herlaimont,Q21770582
Charleroi,Q21770582
Chastre-Villeroux-Blanmont,Q21770582
Châtelet,Q31544320
Chaudfontaine,Q31541936
Chaumont-Gistoux,Q31541958
Chièvres,Q21768502
Chimay,Q31543353
Chiny,Q21768505
Ciney,Q21768514
Clavier,Q21768522
Colfontaine,Q31549500
Comblain-au-Pont,Q21768534
Courcelles,Q31554196
Court-Saint-Étienne,Q31554212
Couvin,Q21768574
Crisnée,Q21768581
Dalhem,Q21768594
Daverdisse,Q21768605
Dinant,Q31567774
Dison,Q21768672
Doische,Q22088310
Donceel,Q21768678
Dour,Q21768698
Durbuy,Q21768712
Écaussinnes-d’Enghien,Q1910691
Éghezée,Q21768726
Ellezelles,Q21768742
Enghien,Q31578134
Engis,Q21768761
Érezée,Q21768770
Erquelinnes,Q21768777
Esneux,Q12362368
Estaimpuis,Q21768790
Estinnes-au-Val,Q21768790
Étalle,Q21768795
Eupen,Q31579678
Faimes,Q21768817
Farciennes,Q21768828
Fauvillers,Q21768831
Ferrières,Q21768849
Fexhe-le-Haut-Clocher,Q21768852
Flémalle-Haute,Q2356647
Fléron,Q21768865
Fleurus,Q31583129
Flobecq,Q21768868
Floreffe,Q21768870
Florennes,Q21768873
Florenville,Q13212919
Forville,Q1866454
Fosses-la-Ville,Q720478
Frameries,Q720478
Frasnes-lez-Buissenal,Q3086686
Froidchapelle,Q21768962
Gedinne,Q21768986
Geer,Q21768987
Gembloux,Q31589725
Genappe,Q31589760
Gerpinnes,Q21769026
Gesves,Q21769032
Gouvy,Q21769078
Grez-Doiceau,Q13212992
Habay-la-Vieille,Q21767627
Hamoir,Q21767669
Hamois,Q21767671
Hannut,Q683141
Hastière-Lavaux,Q2186694
Havelange,Q21767720
Hensies,Q21767768
Herbeumont,Q21767768
Héron,Q21767794
Herstal,Q21767799
Herve,Q21767807
Hotton,Q21767891
Houffalize,Q21767894
Houyet,Q21767911
Huy,Q18542624
Incourt,Q31824037
Ittre,Q21767953
Jalhay,Q21767964
Jodoigne,Q31824038
Juprelle,Q21767127
Jurbise,Q21767129
"La Bruyère",Q21767334
"La Calamine",Q16216319
"La Hulpe",Q31824072
"La Louvière",Q21921673
"La Roche-en-Ardenne",Q21765473
Léglise,Q21765515
Lens,Q21765542
Lessines,Q31824077
Libin,Q21765567
Liège,Q21765593
Lierneux,Q21765575
Limbourg,Q21765585
Lincent,Q21765588
Lobbes,Q21765602
Lontzen,Q21765621
Louvain-la-Neuve,Q665868
Malmédy,Q31824088
Manage,Q31824089
Manhay,Q21765693
Marche-en-Famenne,Q21765709
Marchin,Q21765713
Martelange,Q21765733
Meix-devant-Virton,Q21765765
Merbes-le-Château,Q21765785
Messancy,Q21765791
Mettet,Q21765794
Modave,Q21765828
Momignies,Q21765930
Mons,Q21765930
Mons-lez-Liège,Q21765930
Mont-Saint-Guibert,Q31824108
Morlanwelz-Mariemont,Q2358095
Mouscron,Q37736670
Musson,Q21766012
Namur,Q51389725
Nandrin,Q21766022
Nassogne,Q20621818
Neufchâteau,Q21766053
Nivelles,Q31824124
Noville-les-Bois,Q3247707
Ohey,Q13216634
Olne,Q21766135
Onhaye,Q21766148
Oreye,Q21764245
Ottignies,Q3357775
Ouffet,Q21764278
Oupeye,Q31824127
Paliseul,Q12371903
Pecq,Q21764309
Pepinster,Q21764321
Péruwelz,Q21764327
Perwez,Q31466803
Philippeville,Q21764350
Plombières,Q21764380
Pont-à-Celles,Q21764393
Profondeville,Q21764434
"Province de Liège",Q1127
"Province de Namur",Q1125
"Province du Brabant Wallon",Q1122
"Province du Hainaut",Q1129
"Province du Luxembourg",Q1126
Quaregnon,Q31481282
Quévy-le-Petit,Q21764452
Quiévrain,Q21764452
Raeren,Q21764462
Ramillies,Q21764462
Rebecq-Rognon,Q21764482
Remicourt,Q21764500
Rendeux,Q21764509
Rixensart,Q31490281
Rochefort,Q21764555
Roeulx,Q34481995
Rouvroy,Q21764632
Rumes,Q21764647
Saint-Ghislain,Q31499143
Saint-Hubert,Q21764663
Saint-Léger,Q21764678
Saint-Nicolas,Q21764685
Saint-Vith,Q21764698
Sainte-Ode,Q21764661
Seneffe,Q21764775
Seraing,Q31516025
Silly,Q21764794
Soignies,Q21764852
Sombreffe,Q21764861
Somme-Leuze,Q21763286
Soumagne,Q21763297
Spa,Q21763303
Sprimont,Q21763331
Stavelot,Q31532444
Stoumont,Q31534739
Tellin,Q21763428
Tenneville,Q12376730
Theux,Q21763446
Thuin,Q21763461
Tinlot,Q21763481
Tintigny,Q21763483
Tournai,Q51462855
Trois-Ponts,Q21763511
Trooz,Q21763520
Tubize,Q31562355
Vaux-sur-Sûre,Q21763552
Verlaine,Q21763570
Verviers,Q31571899
Vielsalm,Q21760040
Villers-la-Ville,Q31573389
Villers-le-Bouillet,Q21760061
Virton,Q51367625
Visé,Q21760086
Waimes,Q21760162
Walcourt,Q21760163
Walhain-Saint-Paul,Q3544632
Wanze,Q21760185
Waremme,Q711474
Wasseiges,Q21760198
Waterloo,Q31579578
Wavre,Q21760204
Welkenraedt,Q21760236
Wellin,Q21760242
Yvoir,Q21760343
